Type,Name,Request Count,Failure Count,Median Response Time,Average Response Time,Min Response Time,Max Response Time,Average Content Size,Requests/s,Failures/s,50%,66%,75%,80%,90%,95%,98%,99%,99.9%,99.99%,100%
GET,/,7124,0,17,20.611639444137875,14.32210000075429,271.8944000002921,4609.0,11.965196632674433,0.0,17,19,20,21,27,38,51,73,130,270,270
GET,/api/,7103,0,30,35.259800014076724,25.873999999930675,1151.0556000002907,51.0,11.929925839680866,0.0,30,32,34,36,44,66,86,96,270,1200,1200
GET,/blog/,21403,0,33,38.448260898001955,27.239000000008673,1204.1239000000132,4791.0,35.947656306728085,0.0,33,35,38,40,50,74,92,100,270,580,1200
,Aggregated,35630,0,31,34.246303870332966,14.32210000075429,1204.1239000000132,3809.6699971933763,59.84277877908338,0.0,31,34,36,37,45,65,88,97,260,580,1200
